Variable,Baseline_coef,Baseline_se,Emb_coef,Emb_se,Emb_pval
log(Capacity),-2.535728802269121,0.3456061946808303,-2.495416351446528,0.34257666602886266,3.2344878851180704e-13
log(Other Cap.),0.8566201507067203,0.21872845348996311,1.062759468727341,0.23821673363568768,8.14589177571492e-06
Util. Rate,-5.302049390291945,3.47105669753385,-4.634481390308082,3.578024603986496,0.19522966219953908
Embedding Index,,,0.6076276172287753,0.23131343030986345,0.008617719801127093
